{
  "Total" : {
    "transaction" : "Total",
    "sampleCount" : 1000,
    "errorCount" : 196,
    "errorPct" : 19.6,
    "meanResTime" : 362.25500000000045,
    "medianResTime" : 265.0,
    "minResTime" : 121.0,
    "maxResTime" : 1987.0,
    "pct1ResTime" : 780.6999999999999,
    "pct2ResTime" : 915.9499999999999,
    "pct3ResTime" : 1312.9,
    "throughput" : 24.458249767646628,
    "receivedKBytesPerSec" : 211.78417581812843,
    "sentKBytesPerSec" : 2.9139711637235237
  },
  "GET /beers" : {
    "transaction" : "GET /beers",
    "sampleCount" : 1000,
    "errorCount" : 196,
    "errorPct" : 19.6,
    "meanResTime" : 362.25500000000045,
    "medianResTime" : 265.0,
    "minResTime" : 121.0,
    "maxResTime" : 1987.0,
    "pct1ResTime" : 780.6999999999999,
    "pct2ResTime" : 915.9499999999999,
    "pct3ResTime" : 1312.9,
    "throughput" : 24.458249767646628,
    "receivedKBytesPerSec" : 211.78417581812843,
    "sentKBytesPerSec" : 2.9139711637235237
  }
}